<?xml version="1.0" encoding="UTF-8"?>
<GenRun Id="synth_1" LaunchPart="xc7a35ticsg324-1L" LaunchTime="1670072041" LaunchIncrCheckpoint="$PSRCDIR/utils_1/imports/synth_1/adc_test_1_wrapper.dcp">
  <File Type="PA-TCL" Name="adc_test_1_wrapper.tcl"/>
  <File Type="REPORTS-TCL" Name="adc_test_1_wrapper_reports.tcl"/>
  <File Type="RDS-RDS" Name="adc_test_1_wrapper.vds"/>
  <File Type="RDS-UTIL" Name="adc_test_1_wrapper_utilization_synth.rpt"/>
  <File Type="RDS-UTIL-PB" Name="adc_test_1_wrapper_utilization_synth.pb"/>
  <File Type="RDS-DCP" Name="adc_test_1_wrapper.dcp"/>
  <FileSet Name="sources" Type="DesignSrcs" RelSrcDir="$PSRCDIR/sources_1" RelGenDir="$PGENDIR/sources_1">
    <Filter Type="Srcs"/>
    <File Path="$PSRCDIR/sources_1/imports/Downloads/uart.v">
      <FileInfo>
        <Attr Name="ImportPath" Val="$PPRDIR/../../../../../../../../Documents/uart_interface/uart_interface.srcs/sources_1/imports/Downloads/uart.v"/>
        <Attr Name="ImportTime" Val="1669303177"/>
        <Attr Name="UsedIn" Val="synthesis"/>
        <Attr Name="UsedIn" Val="implementation"/>
        <Attr Name="UsedIn" Val="simulation"/>
      </FileInfo>
    </File>
    <File Path="$PSRCDIR/sources_1/new/top.v">
      <FileInfo>
        <Attr Name="ImportPath" Val="$PPRDIR/../../../../../../../../Documents/Xilinx_prjs/xyma_100MSPS/xyma_100MSPS.srcs/sources_1/new/top.v"/>
        <Attr Name="ImportTime" Val="1669694757"/>
        <Attr Name="UsedIn" Val="synthesis"/>
        <Attr Name="UsedIn" Val="implementation"/>
        <Attr Name="UsedIn" Val="simulation"/>
      </FileInfo>
    </File>
    <File Path="$PSRCDIR/sources_1/new/fifo_driver.v">
      <FileInfo>
        <Attr Name="ImportPath" Val="$PPRDIR/../../../../../../../../Documents/Xilinx_prjs/xyma_100MSPS/xyma_100MSPS.srcs/sources_1/new/fifo_driver.v"/>
        <Attr Name="ImportTime" Val="1670071954"/>
        <Attr Name="UsedIn" Val="synthesis"/>
        <Attr Name="UsedIn" Val="implementation"/>
        <Attr Name="UsedIn" Val="simulation"/>
      </FileInfo>
    </File>
    <File Path="$PSRCDIR/sources_1/bd/adc_test_1/adc_test_1.bd">
      <FileInfo>
        <Attr Name="ImportPath" Val="$PPRDIR/../../../../../../../../Documents/Xilinx_prjs/xyma_100MSPS/xyma_100MSPS.srcs/sources_1/bd/adc_test_1/adc_test_1.bd"/>
        <Attr Name="ImportTime" Val="1670072624"/>
        <Attr Name="UsedIn" Val="synthesis"/>
        <Attr Name="UsedIn" Val="implementation"/>
        <Attr Name="UsedIn" Val="simulation"/>
      </FileInfo>
    </File>
    <File Path="$PSRCDIR/sources_1/imports/adc_test_1_wrapper.v">
      <FileInfo>
        <Attr Name="ImportPath" Val="$PPRDIR/../../../../../../../../Documents/Xilinx_prjs/xyma_100MSPS/xyma_100MSPS.gen/sources_1/bd/adc_test_1/hdl/adc_test_1_wrapper.v"/>
        <Attr Name="ImportTime" Val="1670071991"/>
        <Attr Name="UsedIn" Val="synthesis"/>
        <Attr Name="UsedIn" Val="implementation"/>
        <Attr Name="UsedIn" Val="simulation"/>
      </FileInfo>
    </File>
    <Config>
      <Option Name="DesignMode" Val="RTL"/>
      <Option Name="TopModule" Val="adc_test_1_wrapper"/>
      <Option Name="TopAutoSet" Val="TRUE"/>
    </Config>
  </FileSet>
  <FileSet Name="constrs_in" Type="Constrs" RelSrcDir="$PSRCDIR/constrs_1">
    <Filter Type="Constrs"/>
    <Config>
      <Option Name="ConstrsType" Val="XDC"/>
    </Config>
  </FileSet>
  <FileSet Name="utils" Type="Utils" RelSrcDir="$PSRCDIR/utils_1">
    <Filter Type="Utils"/>
    <File Path="$PSRCDIR/utils_1/imports/synth_1/adc_test_1_wrapper.dcp">
      <FileInfo>
        <Attr Name="ImportPath" Val="$PPRDIR/../../../../../../../../Documents/Xilinx_prjs/xyma_100MSPS/xyma_100MSPS.srcs/utils_1/imports/synth_1/adc_test_1_wrapper.dcp"/>
        <Attr Name="ImportTime" Val="1670072036"/>
        <Attr Name="UsedIn" Val="synthesis"/>
        <Attr Name="UsedIn" Val="implementation"/>
        <Attr Name="UsedInSteps" Val="synth_1"/>
        <Attr Name="AutoDcp" Val="1"/>
      </FileInfo>
    </File>
    <Config>
      <Option Name="TopAutoSet" Val="TRUE"/>
    </Config>
  </FileSet>
  <Strategy Version="1" Minor="2">
    <StratHandle Name="Vivado Synthesis Defaults" Flow="Vivado Synthesis 2022"/>
    <Step Id="synth_design"/>
  </Strategy>
  <BlockFileSet Type="BlockSrcs" Name="adc_test_1_clk_wiz_0_0"/>
  <BlockFileSet Type="BlockSrcs" Name="adc_test_1_fifo_driver_0_0"/>
  <BlockFileSet Type="BlockSrcs" Name="adc_test_1_reset_inv_0_0"/>
  <BlockFileSet Type="BlockSrcs" Name="adc_test_1_fifo_generator_0_0"/>
  <BlockFileSet Type="BlockSrcs" Name="adc_test_1_util_vector_logic_1_0"/>
  <BlockFileSet Type="BlockSrcs" Name="adc_test_1_util_vector_logic_0_0"/>
  <BlockFileSet Type="BlockSrcs" Name="adc_test_1_top_0_0"/>
  <BlockFileSet Type="BlockSrcs" Name="adc_test_1_uart_0_0"/>
</GenRun>
