<?xml version="1.0" encoding="UTF-8"?>
<GenRun Id="impl_1" LaunchPart="xc7a35ticsg324-1L" LaunchTime="1670072042">
  <File Type="ROUTE-PWR" Name="adc_test_1_wrapper_power_routed.rpt"/>
  <File Type="PA-TCL" Name="adc_test_1_wrapper.tcl"/>
  <File Type="ROUTE-PWR-SUM" Name="adc_test_1_wrapper_power_summary_routed.pb"/>
  <File Type="REPORTS-TCL" Name="adc_test_1_wrapper_reports.tcl"/>
  <File Type="BITSTR-MSK" Name="adc_test_1_wrapper.msk"/>
  <File Type="ROUTE-CLK" Name="adc_test_1_wrapper_clock_utilization_routed.rpt"/>
  <File Type="RDI-RDI" Name="adc_test_1_wrapper.vdi"/>
  <File Type="BG-BIT" Name="adc_test_1_wrapper.bit"/>
  <File Type="BG-DRC" Name="adc_test_1_wrapper.drc"/>
  <File Type="BG-BGN" Name="adc_test_1_wrapper.bgn"/>
  <File Type="BG-BIN" Name="adc_test_1_wrapper.bin"/>
  <File Type="BITSTR-RBT" Name="adc_test_1_wrapper.rbt"/>
  <File Type="BITSTR-NKY" Name="adc_test_1_wrapper.nky"/>
  <File Type="BITSTR-BMM" Name="adc_test_1_wrapper_bd.bmm"/>
  <File Type="BITSTR-MMI" Name="adc_test_1_wrapper.mmi"/>
  <File Type="ROUTE-METHODOLOGY-DRC" Name="adc_test_1_wrapper_methodology_drc_routed.rpt"/>
  <File Type="BITSTR-SYSDEF" Name="adc_test_1_wrapper.sysdef"/>
  <File Type="BITSTR-LTX" Name="debug_nets.ltx"/>
  <File Type="BITSTR-LTX" Name="adc_test_1_wrapper.ltx"/>
  <File Type="WBT-USG" Name="usage_statistics_webtalk.html"/>
  <File Type="OPT-DRC" Name="adc_test_1_wrapper_drc_opted.rpt"/>
  <File Type="OPT-HWDEF" Name="adc_test_1_wrapper.hwdef"/>
  <File Type="PLACE-IO" Name="adc_test_1_wrapper_io_placed.rpt"/>
  <File Type="PLACE-UTIL" Name="adc_test_1_wrapper_utilization_placed.rpt"/>
  <File Type="PLACE-UTIL-PB" Name="adc_test_1_wrapper_utilization_placed.pb"/>
  <File Type="PLACE-CTRL" Name="adc_test_1_wrapper_control_sets_placed.rpt"/>
  <File Type="PLACE-PRE-SIMILARITY" Name="adc_test_1_wrapper_incremental_reuse_pre_placed.rpt"/>
  <File Type="ROUTE-DRC" Name="adc_test_1_wrapper_drc_routed.rpt"/>
  <File Type="ROUTE-DRC-PB" Name="adc_test_1_wrapper_drc_routed.pb"/>
  <File Type="ROUTE-PWR-RPX" Name="adc_test_1_wrapper_power_routed.rpx"/>
  <File Type="ROUTE-STATUS" Name="adc_test_1_wrapper_route_status.rpt"/>
  <File Type="ROUTE-STATUS-PB" Name="adc_test_1_wrapper_route_status.pb"/>
  <File Type="ROUTE-DCP" Name="adc_test_1_wrapper_routed.dcp"/>
  <File Type="ROUTE-ERROR-DCP" Name="adc_test_1_wrapper_routed_error.dcp"/>
  <File Type="ROUTE-BLACKBOX-DCP" Name="adc_test_1_wrapper_routed_bb.dcp"/>
  <File Type="ROUTE-TIMINGSUMMARY" Name="adc_test_1_wrapper_timing_summary_routed.rpt"/>
  <File Type="ROUTE-TIMING-PB" Name="adc_test_1_wrapper_timing_summary_routed.pb"/>
  <File Type="ROUTE-TIMING-RPX" Name="adc_test_1_wrapper_timing_summary_routed.rpx"/>
  <File Type="ROUTE-BUS-SKEW" Name="adc_test_1_wrapper_bus_skew_routed.rpt"/>
  <File Type="ROUTE-BUS-SKEW-PB" Name="adc_test_1_wrapper_bus_skew_routed.pb"/>
  <File Type="ROUTE-BUS-SKEW-RPX" Name="adc_test_1_wrapper_bus_skew_routed.rpx"/>
  <File Type="OPT-DCP" Name="adc_test_1_wrapper_opt.dcp"/>
  <File Type="PLACE-DCP" Name="adc_test_1_wrapper_placed.dcp"/>
  <File Type="PWROPT-DCP" Name="adc_test_1_wrapper_pwropt.dcp"/>
  <File Type="POSTPLACE-PWROPT-DCP" Name="adc_test_1_wrapper_postplace_pwropt.dcp"/>
  <File Type="PHYSOPT-DCP" Name="adc_test_1_wrapper_physopt.dcp"/>
  <File Type="POSTROUTE-PHYSOPT-DCP" Name="adc_test_1_wrapper_postroute_physopt.dcp"/>
  <File Type="POSTROUTE-PHYSOPT-BLACKBOX-DCP" Name="adc_test_1_wrapper_postroute_physopt_bb.dcp"/>
  <File Type="ROUTE-METHODOLOGY-DRC-PB" Name="adc_test_1_wrapper_methodology_drc_routed.pb"/>
  <File Type="ROUTE-DRC-RPX" Name="adc_test_1_wrapper_drc_routed.rpx"/>
  <File Type="ROUTE-METHODOLOGY-DRC-RPX" Name="adc_test_1_wrapper_methodology_drc_routed.rpx"/>
  <File Type="PDI-FILE" Name="adc_test_1_wrapper.pdi"/>
  <File Type="RCFI_FILE" Name="adc_test_1_wrapper.rcfi"/>
  <File Type="CFI_FILE" Name="adc_test_1_wrapper.cfi"/>
  <File Type="RNPI_FILE" Name="adc_test_1_wrapper.rnpi"/>
  <File Type="NPI_FILE" Name="adc_test_1_wrapper.npi"/>
  <File Type="RBD_FILE" Name="adc_test_1_wrapper.rbd"/>
  <File Type="ROUTE-RQS" Name="adc_test_1_wrapper_routed.rqs"/>
  <File Type="POSTROUTE-PHYSOPT-RQS" Name="adc_test_1_wrapper_postroute_physopted.rqs"/>
  <File Type="ROUTE-RQS-RPT" Name="route_report_qor_suggestions_0.rpt"/>
  <File Type="POSTROUTE-PHYSOPT-RQS-RPT" Name="postroute_physopt_report_qor_suggestions_0.rpt"/>
  <FileSet Name="sources" Type="DesignSrcs" RelSrcDir="$PSRCDIR/sources_1" RelGenDir="$PGENDIR/sources_1">
    <Filter Type="Srcs"/>
    <File Path="$PSRCDIR/sources_1/imports/Downloads/uart.v">
      <FileInfo>
        <Attr Name="ImportPath" Val="$PPRDIR/../../../../../../../../Documents/uart_interface/uart_interface.srcs/sources_1/imports/Downloads/uart.v"/>
        <Attr Name="ImportTime" Val="1669303177"/>
        <Attr Name="UsedIn" Val="synthesis"/>
        <Attr Name="UsedIn" Val="implementation"/>
        <Attr Name="UsedIn" Val="simulation"/>
      </FileInfo>
    </File>
    <File Path="$PSRCDIR/sources_1/new/top.v">
      <FileInfo>
        <Attr Name="ImportPath" Val="$PPRDIR/../../../../../../../../Documents/Xilinx_prjs/xyma_100MSPS/xyma_100MSPS.srcs/sources_1/new/top.v"/>
        <Attr Name="ImportTime" Val="1669694757"/>
        <Attr Name="UsedIn" Val="synthesis"/>
        <Attr Name="UsedIn" Val="implementation"/>
        <Attr Name="UsedIn" Val="simulation"/>
      </FileInfo>
    </File>
    <File Path="$PSRCDIR/sources_1/new/fifo_driver.v">
      <FileInfo>
        <Attr Name="ImportPath" Val="$PPRDIR/../../../../../../../../Documents/Xilinx_prjs/xyma_100MSPS/xyma_100MSPS.srcs/sources_1/new/fifo_driver.v"/>
        <Attr Name="ImportTime" Val="1670071954"/>
        <Attr Name="UsedIn" Val="synthesis"/>
        <Attr Name="UsedIn" Val="implementation"/>
        <Attr Name="UsedIn" Val="simulation"/>
      </FileInfo>
    </File>
    <File Path="$PSRCDIR/sources_1/bd/adc_test_1/adc_test_1.bd">
      <FileInfo>
        <Attr Name="ImportPath" Val="$PPRDIR/../../../../../../../../Documents/Xilinx_prjs/xyma_100MSPS/xyma_100MSPS.srcs/sources_1/bd/adc_test_1/adc_test_1.bd"/>
        <Attr Name="ImportTime" Val="1670072624"/>
        <Attr Name="UsedIn" Val="synthesis"/>
        <Attr Name="UsedIn" Val="implementation"/>
        <Attr Name="UsedIn" Val="simulation"/>
      </FileInfo>
    </File>
    <File Path="$PSRCDIR/sources_1/imports/adc_test_1_wrapper.v">
      <FileInfo>
        <Attr Name="ImportPath" Val="$PPRDIR/../../../../../../../../Documents/Xilinx_prjs/xyma_100MSPS/xyma_100MSPS.gen/sources_1/bd/adc_test_1/hdl/adc_test_1_wrapper.v"/>
        <Attr Name="ImportTime" Val="1670071991"/>
        <Attr Name="UsedIn" Val="synthesis"/>
        <Attr Name="UsedIn" Val="implementation"/>
        <Attr Name="UsedIn" Val="simulation"/>
      </FileInfo>
    </File>
    <Config>
      <Option Name="DesignMode" Val="RTL"/>
      <Option Name="TopModule" Val="adc_test_1_wrapper"/>
      <Option Name="TopAutoSet" Val="TRUE"/>
    </Config>
  </FileSet>
  <FileSet Name="constrs_in" Type="Constrs" RelSrcDir="$PSRCDIR/constrs_1">
    <Filter Type="Constrs"/>
    <Config>
      <Option Name="ConstrsType" Val="XDC"/>
    </Config>
  </FileSet>
  <FileSet Name="utils" Type="Utils" RelSrcDir="$PSRCDIR/utils_1">
    <Filter Type="Utils"/>
    <File Path="$PSRCDIR/utils_1/imports/synth_1/adc_test_1_wrapper.dcp">
      <FileInfo>
        <Attr Name="ImportPath" Val="$PPRDIR/../../../../../../../../Documents/Xilinx_prjs/xyma_100MSPS/xyma_100MSPS.srcs/utils_1/imports/synth_1/adc_test_1_wrapper.dcp"/>
        <Attr Name="ImportTime" Val="1670072036"/>
        <Attr Name="UsedIn" Val="synthesis"/>
        <Attr Name="UsedIn" Val="implementation"/>
        <Attr Name="UsedInSteps" Val="synth_1"/>
        <Attr Name="AutoDcp" Val="1"/>
      </FileInfo>
    </File>
    <Config>
      <Option Name="TopAutoSet" Val="TRUE"/>
    </Config>
  </FileSet>
  <Strategy Version="1" Minor="2">
    <StratHandle Name="Vivado Implementation Defaults" Flow="Vivado Implementation 2022"/>
    <Step Id="init_design"/>
    <Step Id="opt_design"/>
    <Step Id="power_opt_design"/>
    <Step Id="place_design"/>
    <Step Id="post_place_power_opt_design"/>
    <Step Id="phys_opt_design"/>
    <Step Id="route_design"/>
    <Step Id="post_route_phys_opt_design"/>
    <Step Id="write_bitstream"/>
    <Step Id="write_device_image"/>
  </Strategy>
  <BlockFileSet Type="BlockSrcs" Name="adc_test_1_clk_wiz_0_0"/>
  <BlockFileSet Type="BlockSrcs" Name="adc_test_1_fifo_driver_0_0"/>
  <BlockFileSet Type="BlockSrcs" Name="adc_test_1_reset_inv_0_0"/>
  <BlockFileSet Type="BlockSrcs" Name="adc_test_1_fifo_generator_0_0"/>
  <BlockFileSet Type="BlockSrcs" Name="adc_test_1_util_vector_logic_1_0"/>
  <BlockFileSet Type="BlockSrcs" Name="adc_test_1_util_vector_logic_0_0"/>
  <BlockFileSet Type="BlockSrcs" Name="adc_test_1_top_0_0"/>
  <BlockFileSet Type="BlockSrcs" Name="adc_test_1_uart_0_0"/>
</GenRun>
